Player,Team,G,MP,TS%,MPG
Aaron Gordon,2TM,50.0,1384.0,0.547,27.68
Aaron Holiday,IND,66.0,1176.0,0.503,17.818181818181817
Aaron Nesmith,BOS,46.0,669.0,0.573,14.543478260869565
Abdel Nader,PHO,24.0,355.0,0.605,14.791666666666666
Adam Mokoka,CHI,14.0,56.0,0.386,4.0
Al Horford,OKC,28.0,782.0,0.538,27.928571428571427
Al-Farouq Aminu,2TM,23.0,434.0,0.469,18.869565217391305
Alec Burks,NYK,49.0,1255.0,0.564,25.612244897959183
Aleksej Pokusevski,OKC,45.0,1090.0,0.43,24.22222222222222
Alen Smailagić,GSW,15.0,84.0,0.472,5.6
Alex Caruso,LAL,58.0,1216.0,0.547,20.96551724137931
Alex Len,2TM,64.0,979.0,0.643,15.296875
Alfonzo McKinnie,LAL,39.0,258.0,0.604,6.615384615384615
Alize Johnson,BRK,18.0,189.0,0.638,10.5
Amida Brimah,IND,5.0,29.0,0.697,5.8
Amir Coffey,LAC,44.0,394.0,0.585,8.954545454545455
Anderson Varejão,CLE,5.0,36.0,0.326,7.2
Andre Drummond,2TM,46.0,1242.0,0.519,27.0
Andre Iguodala,MIA,63.0,1339.0,0.519,21.253968253968253
Andre Roberson,BRK,5.0,63.0,0.202,12.6
Andrew Wiggins,GSW,71.0,2364.0,0.568,33.29577464788732
Anfernee Simons,POR,64.0,1104.0,0.589,17.25
Anthony Davis,LAL,36.0,1162.0,0.556,32.27777777777778
Anthony Edwards,MIN,72.0,2314.0,0.523,32.138888888888886
Anthony Gill,WAS,26.0,218.0,0.597,8.384615384615385
Anthony Lamb,HOU,24.0,415.0,0.523,17.291666666666668
Anthony Tolliver,PHI,11.0,99.0,0.433,9.0
Anžejs Pasečņiks,WAS,1.0,6.0,0.0,6.0
Armoni Brooks,HOU,20.0,520.0,0.565,26.0
Aron Baynes,TOR,53.0,980.0,0.503,18.49056603773585
Austin Rivers,2TM,36.0,845.0,0.551,23.47222222222222
Avery Bradley,2TM,27.0,602.0,0.487,22.296296296296298
Axel Toupane,MIL,8.0,61.0,0.497,7.625
Bam Adebayo,MIA,64.0,2143.0,0.626,33.484375
Ben McLemore,2TM,53.0,905.0,0.523,17.07547169811321
Ben Simmons,PHI,58.0,1877.0,0.584,32.36206896551724
Bismack Biyombo,CHO,66.0,1349.0,0.574,20.439393939393938
Blake Griffin,2TM,46.0,1186.0,0.546,25.782608695652176
Boban Marjanović,DAL,33.0,271.0,0.562,8.212121212121213
Bobby Portis,MIL,66.0,1372.0,0.598,20.78787878787879
Bogdan Bogdanović,ATL,44.0,1305.0,0.616,29.65909090909091
Bojan Bogdanović,UTA,72.0,2216.0,0.588,30.77777777777778
Bol Bol,DEN,32.0,160.0,0.534,5.0
Brad Wanamaker,2TM,61.0,1053.0,0.489,17.262295081967213
Bradley Beal,WAS,60.0,2147.0,0.593,35.78333333333333
Brandon Clarke,MEM,59.0,1415.0,0.56,23.983050847457626
Brandon Goodwin,ATL,47.0,620.0,0.471,13.191489361702128
Brandon Ingram,NOP,61.0,2093.0,0.584,34.31147540983606
Brian Bowen,IND,6.0,15.0,0.338,2.5
Brodric Thomas,2TM,32.0,399.0,0.487,12.46875
Brook Lopez,MIL,70.0,1902.0,0.611,27.17142857142857
Bruce Brown,BRK,65.0,1451.0,0.604,22.323076923076922
Bruno Caboclo,HOU,6.0,36.0,0.475,6.0
Bruno Fernando,ATL,33.0,226.0,0.475,6.848484848484849
Bryn Forbes,MIL,70.0,1354.0,0.631,19.34285714285714
Buddy Hield,SAC,71.0,2433.0,0.567,34.267605633802816
CJ Elleby,POR,30.0,192.0,0.468,6.4
CJ McCollum,POR,47.0,1600.0,0.577,34.04255319148936
Caleb Martin,CHO,53.0,818.0,0.465,15.433962264150944
Cam Reddish,ATL,26.0,750.0,0.488,28.846153846153847
Cameron Johnson,PHO,60.0,1437.0,0.563,23.95
Cameron Oliver,HOU,4.0,87.0,0.619,21.75
Cameron Payne,PHO,60.0,1079.0,0.602,17.983333333333334
Cameron Reynolds,2TM,5.0,40.0,0.417,8.0
Caris LeVert,2TM,47.0,1486.0,0.531,31.617021276595743
Carmelo Anthony,POR,69.0,1690.0,0.547,24.492753623188406
Carsen Edwards,BOS,31.0,276.0,0.527,8.903225806451612
Cassius Stanley,IND,24.0,93.0,0.383,3.875
Cassius Winston,WAS,22.0,98.0,0.575,4.454545454545454
Cedi Osman,CLE,59.0,1510.0,0.488,25.593220338983052
Chandler Hutchison,2TM,25.0,346.0,0.469,13.84
Charlie Brown Jr.,OKC,9.0,152.0,0.422,16.88888888888889
Chasson Randle,ORL,41.0,837.0,0.515,20.414634146341463
Chimezie Metu,SAC,36.0,488.0,0.571,13.555555555555555
Chris Boucher,TOR,60.0,1453.0,0.634,24.216666666666665
Chris Chiozza,BRK,22.0,232.0,0.461,10.545454545454545
Chris Paul,PHO,70.0,2199.0,0.599,31.414285714285715
Chris Silva,2TM,15.0,92.0,0.708,6.133333333333334
Christian Wood,HOU,41.0,1326.0,0.591,32.34146341463415
Chuma Okeke,ORL,45.0,1133.0,0.511,25.177777777777777
Clint Capela,ATL,63.0,1898.0,0.601,30.126984126984127
Coby White,CHI,69.0,2156.0,0.54,31.246376811594203
Cody Martin,CHO,52.0,849.0,0.5,16.326923076923077
Cody Zeller,CHO,48.0,1005.0,0.599,20.9375
Cole Anthony,ORL,47.0,1273.0,0.496,27.085106382978722
Collin Sexton,CLE,60.0,2115.0,0.573,35.25
Cory Joseph,2TM,63.0,1446.0,0.556,22.952380952380953
Cristiano Felício,CHI,18.0,84.0,0.574,4.666666666666667
D'Angelo Russell,MIN,42.0,1196.0,0.555,28.476190476190474
D.J. Augustin,2TM,57.0,1129.0,0.57,19.80701754385965
D.J. Wilson,2TM,35.0,433.0,0.511,12.371428571428572
DaQuan Jeffries,2TM,31.0,493.0,0.514,15.903225806451612
Dakota Mathias,PHI,8.0,123.0,0.474,15.375
Damian Jones,3TM,39.0,547.0,0.712,14.025641025641026
Damian Lillard,POR,67.0,2398.0,0.623,35.791044776119406
Damion Lee,GSW,57.0,1079.0,0.636,18.92982456140351
Damyean Dotson,CLE,46.0,907.0,0.499,19.717391304347824
Daniel Gafford,2TM,54.0,791.0,0.697,14.648148148148149
Daniel Oturu,LAC,30.0,161.0,0.471,5.366666666666666
Daniel Theis,2TM,65.0,1601.0,0.609,24.630769230769232
Danilo Gallinari,ATL,51.0,1222.0,0.613,23.96078431372549
Danny Green,PHI,69.0,1934.0,0.582,28.028985507246375
Dante Exum,CLE,6.0,116.0,0.428,19.333333333333332
Danuel House Jr.,HOU,36.0,932.0,0.525,25.88888888888889
Dario Šarić,PHO,50.0,871.0,0.567,17.42
Darius Bazley,OKC,55.0,1714.0,0.491,31.163636363636364
Darius Garland,CLE,54.0,1790.0,0.547,33.148148148148145
Darius Miller,OKC,18.0,197.0,0.685,10.944444444444445
David Nwaba,HOU,30.0,679.0,0.557,22.633333333333333
De'Aaron Fox,SAC,58.0,2036.0,0.565,35.10344827586207
De'Andre Hunter,ATL,23.0,678.0,0.603,29.47826086956522
De'Anthony Melton,MEM,52.0,1045.0,0.568,20.096153846153847
DeAndre Jordan,BRK,57.0,1246.0,0.736,21.859649122807017
DeAndre' Bembry,TOR,51.0,972.0,0.57,19.058823529411764
DeMar DeRozan,SAS,61.0,2056.0,0.591,33.704918032786885
DeMarcus Cousins,2TM,41.0,713.0,0.537,17.390243902439025
Dean Wade,CLE,63.0,1212.0,0.573,19.238095238095237
Deandre Ayton,PHO,69.0,2115.0,0.653,30.652173913043477
Deividas Sirvydis,DET,20.0,133.0,0.481,6.65
Dejounte Murray,SAS,67.0,2139.0,0.509,31.925373134328357
Delon Wright,2TM,63.0,1748.0,0.562,27.746031746031747
Deni Avdija,WAS,54.0,1257.0,0.515,23.27777777777778
Dennis Schröder,LAL,61.0,1956.0,0.543,32.0655737704918
Dennis Smith Jr.,2TM,23.0,420.0,0.492,18.26086956521739
Denzel Valentine,CHI,62.0,1036.0,0.479,16.70967741935484
Derrick Favors,UTA,68.0,1039.0,0.663,15.279411764705882
Derrick Jones Jr.,POR,58.0,1318.0,0.576,22.724137931034484
Derrick Rose,2TM,50.0,1279.0,0.55,25.58
Derrick White,SAS,36.0,1064.0,0.55,29.555555555555557
Desmond Bane,MEM,68.0,1519.0,0.6,22.33823529411765
Devin Booker,PHO,67.0,2270.0,0.587,33.88059701492537
Devin Cannady,ORL,8.0,74.0,0.547,9.25
Devin Vassell,SAS,62.0,1056.0,0.524,17.032258064516128
Devon Dotson,CHI,11.0,50.0,0.548,4.545454545454546
Devontae Cacok,LAL,20.0,98.0,0.576,4.9
Devonte' Graham,CHO,55.0,1659.0,0.552,30.163636363636364
Dewayne Dedmon,MIA,16.0,210.0,0.735,13.125
Didi Louzada,NOP,3.0,56.0,0.308,18.666666666666668
Dillon Brooks,MEM,67.0,1997.0,0.515,29.80597014925373
Domantas Sabonis,IND,62.0,2231.0,0.601,35.983870967741936
Donovan Mitchell,UTA,53.0,1771.0,0.569,33.41509433962264
Donta Hall,ORL,13.0,179.0,0.731,13.76923076923077
Donte DiVincenzo,MIL,66.0,1814.0,0.542,27.484848484848484
Dorian Finney-Smith,DAL,60.0,1921.0,0.609,32.016666666666666
Doug McDermott,IND,66.0,1619.0,0.635,24.53030303030303
Draymond Green,GSW,63.0,1982.0,0.53,31.46031746031746
Drew Eubanks,SAS,54.0,755.0,0.618,13.981481481481481
Duncan Robinson,MIA,72.0,2262.0,0.628,31.416666666666668
Dwayne Bacon,ORL,72.0,1853.0,0.49,25.73611111111111
Dwight Howard,PHI,69.0,1196.0,0.61,17.333333333333332
Dwight Powell,DAL,58.0,966.0,0.688,16.655172413793103
Dylan Windler,CLE,31.0,513.0,0.567,16.548387096774192
Dāvis Bertāns,WAS,57.0,1464.0,0.62,25.68421052631579
E'Twaun Moore,PHO,27.0,389.0,0.523,14.407407407407407
Ed Davis,MIN,23.0,299.0,0.487,13.0
Edmond Sumner,IND,53.0,861.0,0.626,16.245283018867923
Elfrid Payton,NYK,63.0,1484.0,0.478,23.555555555555557
Elijah Bryant,MIL,1.0,32.0,0.559,32.0
Elijah Hughes,UTA,18.0,64.0,0.488,3.5555555555555554
Enes Freedom,POR,72.0,1758.0,0.636,24.416666666666668
Eric Bledsoe,NOP,71.0,2111.0,0.533,29.732394366197184
Eric Gordon,HOU,27.0,789.0,0.577,29.22222222222222
Eric Paschall,GSW,40.0,695.0,0.561,17.375
Ersan İlyasova,UTA,17.0,148.0,0.578,8.705882352941176
Evan Fournier,2TM,42.0,1259.0,0.598,29.976190476190474
Facundo Campazzo,DEN,65.0,1425.0,0.558,21.923076923076923
Frank Jackson,DET,40.0,738.0,0.598,18.45
Frank Kaminsky,PHO,47.0,715.0,0.547,15.212765957446809
Frank Mason III,ORL,4.0,79.0,0.462,19.75
Frank Ntilikina,NYK,33.0,322.0,0.512,9.757575757575758
Fred VanVleet,TOR,52.0,1899.0,0.534,36.51923076923077
Freddie Gillespie,TOR,20.0,392.0,0.563,19.6
Furkan Korkmaz,PHI,55.0,1062.0,0.544,19.30909090909091
Gabe Vincent,MIA,50.0,655.0,0.498,13.1
Gabriel Deck,OKC,10.0,212.0,0.548,21.2
Garrett Temple,CHI,56.0,1528.0,0.525,27.285714285714285
Garrison Mathews,WAS,64.0,1038.0,0.635,16.21875
Gary Clark,3TM,39.0,654.0,0.436,16.76923076923077
Gary Harris,2TM,39.0,1080.0,0.511,27.692307692307693
Gary Payton II,GSW,10.0,40.0,0.847,4.0
Gary Trent Jr.,2TM,58.0,1802.0,0.534,31.06896551724138
George Hill,2TM,30.0,672.0,0.596,22.4
Georges Niang,UTA,72.0,1154.0,0.602,16.02777777777778
Giannis Antetokounmpo,MIL,61.0,2013.0,0.633,33.0
Glenn Robinson III,SAC,23.0,369.0,0.554,16.043478260869566
Goga Bitadze,IND,45.0,561.0,0.523,12.466666666666667
Goran Dragić,MIA,50.0,1337.0,0.552,26.74
Gordon Hayward,CHO,44.0,1496.0,0.584,34.0
Gorgui Dieng,2TM,38.0,552.0,0.67,14.526315789473685
Grant Riller,CHO,7.0,27.0,0.75,3.857142857142857
Grant Williams,BOS,63.0,1138.0,0.546,18.063492063492063
Grayson Allen,MEM,50.0,1259.0,0.586,25.18
Greg Whittington,DEN,4.0,12.0,0.0,3.0
Hamidou Diallo,2TM,52.0,1226.0,0.541,23.576923076923077
Harrison Barnes,SAC,58.0,2102.0,0.626,36.241379310344826
Harry Giles,POR,38.0,348.0,0.496,9.157894736842104
Hassan Whiteside,SAC,36.0,546.0,0.566,15.166666666666666
Henry Ellenson,TOR,2.0,38.0,0.476,19.0
Ignas Brazdeikis,3TM,13.0,249.0,0.51,19.153846153846153
Iman Shumpert,BRK,2.0,11.0,0.25,5.5
Immanuel Quickley,NYK,64.0,1243.0,0.557,19.421875
Isaac Bonga,WAS,40.0,432.0,0.461,10.8
Isaac Okoro,CLE,67.0,2173.0,0.514,32.43283582089552
Isaiah Hartenstein,2TM,46.0,559.0,0.583,12.152173913043478
Isaiah Joe,PHI,41.0,383.0,0.533,9.341463414634147
Isaiah Roby,OKC,61.0,1425.0,0.555,23.360655737704917
Isaiah Stewart,DET,68.0,1455.0,0.597,21.397058823529413
Isaiah Thomas,NOP,3.0,48.0,0.412,16.0
Ish Smith,WAS,44.0,924.0,0.473,21.0
Ivica Zubac,LAC,72.0,1609.0,0.693,22.34722222222222
JJ Redick,2TM,44.0,723.0,0.564,16.431818181818183
Ja Morant,MEM,63.0,2053.0,0.537,32.58730158730159
JaKarr Sampson,IND,29.0,316.0,0.533,10.89655172413793
JaMychal Green,DEN,58.0,1120.0,0.59,19.310344827586206
JaVale McGee,2TM,46.0,678.0,0.541,14.73913043478261
Jabari Parker,2TM,13.0,165.0,0.593,12.692307692307692
Jaden McDaniels,MIN,63.0,1511.0,0.552,23.984126984126984
Jae Crowder,PHO,60.0,1648.0,0.574,27.466666666666665
Jae'Sean Tate,HOU,70.0,2043.0,0.576,29.185714285714287
Jahlil Okafor,DET,27.0,347.0,0.644,12.851851851851851
Jahmi'us Ramsey,SAC,13.0,94.0,0.498,7.230769230769231
Jake Layman,MIN,45.0,627.0,0.577,13.933333333333334
Jakob Poeltl,SAS,69.0,1845.0,0.612,26.73913043478261
Jalen Brunson,DAL,68.0,1697.0,0.618,24.955882352941178
Jalen Harris,TOR,13.0,172.0,0.632,13.23076923076923
Jalen Lecque,IND,4.0,12.0,0.242,3.0
Jalen McDaniels,CHO,47.0,904.0,0.554,19.23404255319149
Jalen Smith,PHO,27.0,156.0,0.499,5.777777777777778
Jamal Murray,DEN,48.0,1704.0,0.592,35.5
James Ennis III,ORL,41.0,986.0,0.613,24.048780487804876
James Harden,2TM,44.0,1609.0,0.618,36.56818181818182
James Johnson,2TM,51.0,1043.0,0.51,20.45098039215686
James Nunnally,NOP,9.0,48.0,0.54,5.333333333333333
James Wiseman,GSW,39.0,836.0,0.552,21.435897435897434
Jared Dudley,LAL,12.0,81.0,0.333,6.75
Jared Harper,NYK,8.0,16.0,0.26,2.0
Jaren Jackson Jr.,MEM,11.0,258.0,0.551,23.454545454545453
Jarred Vanderbilt,MIN,64.0,1139.0,0.612,17.796875
Jarrell Brantley,UTA,28.0,138.0,0.605,4.928571428571429
Jarrett Allen,2TM,63.0,1864.0,0.661,29.58730158730159
Jarrett Culver,MIN,34.0,499.0,0.476,14.676470588235293
Javonte Green,2TM,41.0,473.0,0.61,11.536585365853659
Jaxson Hayes,NOP,60.0,964.0,0.675,16.066666666666666
Jay Scrubb,LAC,4.0,84.0,0.458,21.0
Jaylen Adams,MIL,7.0,18.0,0.125,2.5714285714285716
Jaylen Brown,BOS,58.0,1999.0,0.586,34.46551724137931
Jaylen Hoard,OKC,19.0,320.0,0.547,16.842105263157894
Jaylen Nowell,MIN,42.0,759.0,0.528,18.071428571428573
Jayson Tatum,BOS,64.0,2290.0,0.576,35.78125
Jeff Green,BRK,68.0,1835.0,0.624,26.985294117647058
Jeff Teague,2TM,55.0,950.0,0.562,17.272727272727273
Jerami Grant,DET,54.0,1829.0,0.556,33.870370370370374
Jeremiah Martin,CLE,9.0,75.0,0.313,8.333333333333334
Jeremy Lamb,IND,36.0,765.0,0.587,21.25
Jerome Robinson,WAS,17.0,305.0,0.4,17.941176470588236
Jevon Carter,PHO,60.0,717.0,0.548,11.95
Jimmy Butler,MIA,52.0,1745.0,0.607,33.55769230769231
Joe Harris,BRK,69.0,2141.0,0.663,31.028985507246375
Joe Ingles,UTA,67.0,1867.0,0.672,27.865671641791046
Joel Embiid,PHI,51.0,1585.0,0.636,31.07843137254902
John Collins,ATL,63.0,1848.0,0.645,29.333333333333332
John Konchar,MEM,43.0,575.0,0.608,13.372093023255815
John Wall,HOU,40.0,1288.0,0.503,32.2
Jonas Valančiūnas,MEM,62.0,1755.0,0.636,28.306451612903224
Jontay Porter,MEM,11.0,54.0,0.64,4.909090909090909
Jordan Bell,2TM,6.0,82.0,0.328,13.666666666666666
Jordan Bone,ORL,14.0,196.0,0.519,14.0
Jordan Clarkson,UTA,68.0,1818.0,0.549,26.735294117647058
Jordan McLaughlin,MIN,51.0,938.0,0.502,18.392156862745097
Jordan Nwora,MIL,30.0,274.0,0.586,9.133333333333333
Jordan Poole,GSW,51.0,988.0,0.581,19.372549019607842
Josh Green,DAL,39.0,445.0,0.49,11.41025641025641
Josh Hall,OKC,21.0,336.0,0.363,16.0
Josh Hart,NOP,47.0,1349.0,0.566,28.70212765957447
Josh Jackson,DET,62.0,1560.0,0.516,25.161290322580644
Josh Okogie,MIN,59.0,1197.0,0.524,20.28813559322034
Josh Richardson,DAL,59.0,1790.0,0.537,30.338983050847457
Jrue Holiday,MIL,59.0,1907.0,0.592,32.32203389830509
Juan Toscano-Anderson,GSW,53.0,1107.0,0.676,20.88679245283019
Juancho Hernangómez,MIN,52.0,900.0,0.549,17.307692307692307
Julius Randle,NYK,71.0,2667.0,0.567,37.563380281690144
Justin Holiday,IND,72.0,2183.0,0.571,30.319444444444443
Justin Jackson,2TM,34.0,577.0,0.516,16.970588235294116
Justin James,SAC,36.0,310.0,0.548,8.61111111111111
Justin Patton,HOU,13.0,247.0,0.488,19.0
Justin Robinson,OKC,9.0,88.0,0.453,9.777777777777779
Justise Winslow,MEM,26.0,507.0,0.395,19.5
Jusuf Nurkić,POR,37.0,880.0,0.554,23.783783783783782
Juwan Morgan,UTA,29.0,147.0,0.529,5.068965517241379
KJ Martin,HOU,45.0,1068.0,0.59,23.733333333333334
KZ Okpala,MIA,37.0,447.0,0.448,12.08108108108108
Karim Mané,ORL,10.0,88.0,0.362,8.8
Karl-Anthony Towns,MIN,50.0,1689.0,0.612,33.78
Kawhi Leonard,LAC,52.0,1773.0,0.622,34.09615384615385
Keita Bates-Diop,SAS,30.0,245.0,0.518,8.166666666666666
Kelan Martin,IND,35.0,322.0,0.551,9.2
Keldon Johnson,SAS,69.0,1968.0,0.557,28.52173913043478
Keljin Blevins,POR,17.0,75.0,0.3,4.411764705882353
Kelly Olynyk,2TM,70.0,1997.0,0.61,28.52857142857143
Kelly Oubre Jr.,GSW,55.0,1687.0,0.529,30.672727272727272
Kemba Walker,BOS,43.0,1369.0,0.559,31.837209302325583
Kendrick Nunn,MIA,56.0,1650.0,0.596,29.464285714285715
Kenrich Williams,OKC,66.0,1426.0,0.599,21.606060606060606
Kent Bazemore,GSW,67.0,1333.0,0.564,19.895522388059703
Kentavious Caldwell-Pope,LAL,67.0,1902.0,0.588,28.388059701492537
Kevin Durant,BRK,35.0,1157.0,0.666,33.05714285714286
Kevin Huerter,ATL,69.0,2126.0,0.541,30.81159420289855
Kevin Knox,NYK,42.0,464.0,0.537,11.047619047619047
Kevin Love,CLE,25.0,622.0,0.556,24.88
Kevin Porter Jr.,HOU,26.0,835.0,0.528,32.11538461538461
Kevon Looney,GSW,61.0,1161.0,0.575,19.0327868852459
Khem Birch,2TM,67.0,1529.0,0.552,22.82089552238806
Khris Middleton,MIL,68.0,2269.0,0.588,33.36764705882353
Khyri Thomas,HOU,5.0,153.0,0.586,30.6
Killian Hayes,DET,26.0,670.0,0.422,25.76923076923077
Killian Tillie,MEM,18.0,182.0,0.461,10.11111111111111
Kira Lewis Jr.,NOP,54.0,904.0,0.477,16.74074074074074
Kostas Antetokounmpo,LAL,15.0,56.0,0.382,3.7333333333333334
Kris Dunn,ATL,4.0,45.0,0.182,11.25
Kristaps Porziņģis,DAL,43.0,1327.0,0.582,30.86046511627907
Kyle Anderson,MEM,69.0,1887.0,0.578,27.347826086956523
Kyle Guy,SAC,31.0,235.0,0.449,7.580645161290323
Kyle Kuzma,LAL,68.0,1954.0,0.546,28.735294117647058
Kyle Lowry,TOR,46.0,1601.0,0.593,34.80434782608695
Kyrie Irving,BRK,54.0,1886.0,0.614,34.925925925925924
LaMarcus Aldridge,2TM,26.0,674.0,0.556,25.923076923076923
LaMelo Ball,CHO,51.0,1469.0,0.539,28.80392156862745
Lamar Stevens,CLE,40.0,499.0,0.521,12.475
Landry Shamet,BRK,61.0,1403.0,0.578,23.0
Langston Galloway,PHO,40.0,438.0,0.605,10.95
Larry Nance Jr.,CLE,35.0,1091.0,0.557,31.17142857142857
Lauri Markkanen,CHI,51.0,1317.0,0.619,25.823529411764707
LeBron James,LAL,45.0,1504.0,0.602,33.422222222222224
Lonnie Walker IV,SAS,60.0,1522.0,0.523,25.366666666666667
Lonzo Ball,NOP,55.0,1747.0,0.551,31.763636363636362
Lou Williams,2TM,66.0,1423.0,0.519,21.560606060606062
Louis King,SAC,6.0,85.0,0.6,14.166666666666666
Luguentz Dort,OKC,52.0,1543.0,0.513,29.673076923076923
Luka Dončić,DAL,66.0,2262.0,0.587,34.27272727272727
Luka Šamanić,SAS,33.0,308.0,0.518,9.333333333333334
Luke Kennard,LAC,63.0,1232.0,0.608,19.555555555555557
Luke Kornet,2TM,31.0,348.0,0.511,11.225806451612904
Malachi Flynn,TOR,47.0,928.0,0.484,19.74468085106383
Malcolm Brogdon,IND,56.0,1930.0,0.561,34.464285714285715
Malik Beasley,MIN,37.0,1214.0,0.57,32.810810810810814
Malik Fitts,LAC,3.0,11.0,0.5,3.6666666666666665
Malik Monk,CHO,42.0,878.0,0.569,20.904761904761905
Mamadi Diakite,MIL,14.0,141.0,0.477,10.071428571428571
Marc Gasol,LAL,52.0,993.0,0.606,19.096153846153847
Marcus Morris,LAC,57.0,1502.0,0.614,26.350877192982455
Marcus Smart,BOS,48.0,1581.0,0.539,32.9375
Markelle Fultz,ORL,8.0,215.0,0.458,26.875
Markieff Morris,LAL,61.0,1200.0,0.509,19.672131147540984
Markus Howard,DEN,37.0,205.0,0.477,5.54054054054054
Marques Bolden,CLE,6.0,29.0,0.537,4.833333333333333
Marquese Chriss,GSW,2.0,27.0,0.412,13.5
Marvin Bagley III,SAC,43.0,1112.0,0.554,25.86046511627907
Mason Jones,2TM,32.0,334.0,0.556,10.4375
Mason Plumlee,DET,56.0,1499.0,0.638,26.767857142857142
Matisse Thybulle,PHI,65.0,1298.0,0.508,19.96923076923077
Matt Thomas,2TM,45.0,326.0,0.522,7.2444444444444445
Matthew Dellavedova,CLE,13.0,224.0,0.312,17.23076923076923
Maurice Harkless,2TM,37.0,772.0,0.527,20.864864864864863
Max Strus,MIA,39.0,507.0,0.597,13.0
Maxi Kleber,DAL,50.0,1341.0,0.606,26.82
Meyers Leonard,MIA,3.0,29.0,0.635,9.666666666666666
Mfiondu Kabengele,2TM,39.0,280.0,0.486,7.17948717948718
Michael Carter-Williams,ORL,31.0,800.0,0.449,25.806451612903224
Michael Porter Jr.,DEN,61.0,1912.0,0.663,31.34426229508197
Mikal Bridges,PHO,72.0,2348.0,0.667,32.611111111111114
Mike Conley,UTA,51.0,1498.0,0.589,29.372549019607842
Mike James,BRK,13.0,236.0,0.481,18.153846153846153
Mike Muscala,OKC,35.0,645.0,0.599,18.428571428571427
Mike Scott,PHI,51.0,852.0,0.492,16.705882352941178
Miles Bridges,CHO,66.0,1932.0,0.625,29.272727272727273
Mitchell Robinson,NYK,31.0,853.0,0.642,27.516129032258064
Miye Oni,UTA,54.0,519.0,0.517,9.61111111111111
Mo Bamba,ORL,46.0,725.0,0.556,15.76086956521739
Monte Morris,DEN,47.0,1196.0,0.574,25.4468085106383
Montrezl Harrell,LAL,69.0,1580.0,0.65,22.89855072463768
Moritz Wagner,3TM,45.0,722.0,0.58,16.044444444444444
Moses Brown,OKC,43.0,920.0,0.572,21.3953488372093
Mychal Mulder,GSW,60.0,766.0,0.613,12.766666666666667
Myles Turner,IND,47.0,1455.0,0.599,30.95744680851064
Naji Marshall,NOP,32.0,700.0,0.508,21.875
Nassir Little,POR,48.0,640.0,0.589,13.333333333333334
Nate Darling,CHO,7.0,26.0,0.541,3.7142857142857144
Nate Hinton,DAL,21.0,93.0,0.442,4.428571428571429
Nathan Knight,ATL,33.0,279.0,0.499,8.454545454545455
Naz Reid,MIN,70.0,1347.0,0.599,19.242857142857144
Nemanja Bjelica,2TM,37.0,595.0,0.554,16.08108108108108
Nerlens Noel,NYK,64.0,1547.0,0.638,24.171875
Nic Claxton,BRK,32.0,594.0,0.612,18.5625
Nick Richards,CHO,18.0,63.0,0.542,3.5
Nickeil Alexander-Walker,NOP,46.0,1007.0,0.522,21.891304347826086
Nico Mannion,GSW,30.0,364.0,0.487,12.133333333333333
Nicolas Batum,LAC,67.0,1835.0,0.617,27.388059701492537
Nicolò Melli,2TM,45.0,566.0,0.441,12.577777777777778
Nikola Jokić,DEN,72.0,2488.0,0.647,34.55555555555556
Nikola Vučević,2TM,70.0,2348.0,0.56,33.542857142857144
Noah Vonleh,BRK,4.0,11.0,0.0,2.75
Norman Powell,2TM,69.0,2205.0,0.618,31.956521739130434
Norvel Pelle,3TM,13.0,84.0,0.567,6.461538461538462
OG Anunoby,TOR,43.0,1433.0,0.605,33.325581395348834
Obi Toppin,NYK,62.0,683.0,0.574,11.016129032258064
Onyeka Okongwu,ATL,50.0,601.0,0.655,12.02
Oshae Brissett,IND,21.0,519.0,0.638,24.714285714285715
Otto Porter Jr.,2TM,28.0,606.0,0.552,21.642857142857142
P.J. Tucker,2TM,52.0,1356.0,0.51,26.076923076923077
P.J. Washington,CHO,64.0,1954.0,0.549,30.53125
PJ Dozier,DEN,50.0,1088.0,0.501,21.76
Pascal Siakam,TOR,56.0,2006.0,0.547,35.82142857142857
Pat Connaughton,MIL,69.0,1575.0,0.578,22.82608695652174
Patrick Beverley,LAC,37.0,832.0,0.58,22.486486486486488
Patrick McCaw,TOR,5.0,33.0,1.078,6.6
Patrick Patterson,LAC,38.0,582.0,0.571,15.31578947368421
Patrick Williams,CHI,71.0,1983.0,0.562,27.929577464788732
Patty Mills,SAS,68.0,1685.0,0.57,24.779411764705884
Paul George,LAC,54.0,1821.0,0.598,33.72222222222222
Paul Millsap,DEN,56.0,1162.0,0.565,20.75
Paul Reed,PHI,26.0,177.0,0.54,6.8076923076923075
Paul Watson,TOR,27.0,297.0,0.649,11.0
Payton Pritchard,BOS,66.0,1268.0,0.582,19.21212121212121
Precious Achiuwa,MIA,61.0,737.0,0.55,12.081967213114755
Quinn Cook,2TM,23.0,157.0,0.531,6.826086956521739
Quinndary Weatherspoon,SAS,20.0,121.0,0.547,6.05
R.J. Hampton,2TM,51.0,888.0,0.507,17.41176470588235
RJ Barrett,NYK,72.0,2511.0,0.535,34.875
Rajon Rondo,2TM,45.0,770.0,0.544,17.11111111111111
Raul Neto,WAS,64.0,1403.0,0.575,21.921875
Ray Spalding,HOU,2.0,19.0,0.41,9.5
Rayjon Tucker,PHI,14.0,68.0,0.645,4.857142857142857
Reggie Bullock,NYK,65.0,1949.0,0.606,29.984615384615385
Reggie Jackson,LAC,67.0,1544.0,0.576,23.044776119402986
Reggie Perry,BRK,26.0,211.0,0.466,8.115384615384615
Richaun Holmes,SAC,61.0,1782.0,0.669,29.21311475409836
Ricky Rubio,MIN,68.0,1772.0,0.516,26.058823529411764
Robert Covington,POR,70.0,2243.0,0.553,32.042857142857144
Robert Franks,ORL,7.0,101.0,0.638,14.428571428571429
Robert Williams,BOS,52.0,985.0,0.719,18.942307692307693
Robert Woodard II,SAC,13.0,45.0,0.425,3.4615384615384617
Robin Lopez,WAS,71.0,1354.0,0.661,19.070422535211268
Rodions Kurucs,3TM,21.0,125.0,0.459,5.9523809523809526
Rodney Hood,2TM,55.0,942.0,0.452,17.12727272727273
Rodney McGruder,DET,16.0,194.0,0.619,12.125
Romeo Langford,BOS,18.0,283.0,0.436,15.722222222222221
Rondae Hollis-Jefferson,POR,11.0,107.0,0.539,9.727272727272727
Royce O'Neale,UTA,71.0,2241.0,0.599,31.56338028169014
Rudy Gay,SAS,63.0,1358.0,0.532,21.555555555555557
Rudy Gobert,UTA,71.0,2187.0,0.683,30.802816901408452
Rui Hachimura,WAS,57.0,1797.0,0.549,31.526315789473685
Russell Westbrook,WAS,65.0,2369.0,0.509,36.44615384615385
Ryan Arcidiacono,CHI,44.0,450.0,0.541,10.227272727272727
Saben Lee,DET,48.0,781.0,0.536,16.270833333333332
Saddiq Bey,DET,70.0,1909.0,0.567,27.271428571428572
Sam Merrill,MIL,30.0,233.0,0.603,7.766666666666667
Sean McDermott,MEM,18.0,158.0,0.534,8.777777777777779
Sekou Doumbouya,DET,56.0,869.0,0.459,15.517857142857142
Semi Ojeleye,BOS,56.0,950.0,0.553,16.964285714285715
Serge Ibaka,LAC,41.0,955.0,0.585,23.29268292682927
Seth Curry,PHI,57.0,1638.0,0.607,28.736842105263158
Shai Gilgeous-Alexander,OKC,35.0,1180.0,0.623,33.714285714285715
Shake Milton,PHI,63.0,1461.0,0.549,23.19047619047619
Shaquille Harrison,2TM,34.0,333.0,0.416,9.794117647058824
Sindarius Thornwell,2TM,21.0,217.0,0.414,10.333333333333334
Skylar Mays,ATL,33.0,269.0,0.569,8.151515151515152
Solomon Hill,ATL,71.0,1513.0,0.498,21.309859154929576
Spencer Dinwiddie,BRK,3.0,64.0,0.536,21.333333333333332
Stanley Johnson,TOR,61.0,1006.0,0.519,16.491803278688526
Stephen Curry,GSW,63.0,2152.0,0.655,34.15873015873016
Sterling Brown,HOU,51.0,1229.0,0.597,24.098039215686274
Steven Adams,NOP,58.0,1605.0,0.596,27.67241379310345
Svi Mykhailiuk,2TM,66.0,1324.0,0.529,20.060606060606062
T.J. Leaf,POR,7.0,35.0,0.551,5.0
T.J. McConnell,IND,69.0,1796.0,0.583,26.028985507246375
T.J. Warren,IND,4.0,117.0,0.56,29.25
Tacko Fall,BOS,19.0,136.0,0.66,7.157894736842105
Taj Gibson,NYK,45.0,936.0,0.661,20.8
Talen Horton-Tucker,LAL,65.0,1304.0,0.536,20.06153846153846
Taurean Prince,2TM,41.0,905.0,0.54,22.073170731707318
Terance Mann,LAC,67.0,1263.0,0.603,18.850746268656717
Terence Davis,2TM,61.0,1074.0,0.555,17.60655737704918
Terrance Ferguson,PHI,13.0,49.0,0.143,3.769230769230769
Terrence Ross,ORL,46.0,1347.0,0.53,29.282608695652176
Terry Rozier,CHO,69.0,2383.0,0.575,34.53623188405797
Thaddeus Young,CHI,68.0,1652.0,0.578,24.294117647058822
Thanasis Antetokounmpo,MIL,57.0,551.0,0.523,9.666666666666666
Theo Pinson,NYK,17.0,34.0,0.111,2.0
Thomas Bryant,WAS,10.0,271.0,0.704,27.1
Thon Maker,CLE,8.0,76.0,0.657,9.5
Théo Maledon,OKC,65.0,1778.0,0.489,27.353846153846153
Tim Frazier,MEM,5.0,62.0,0.177,12.4
Tim Hardaway Jr.,DAL,70.0,1985.0,0.589,28.357142857142858
Timothé Luwawu-Cabarrot,BRK,58.0,1050.0,0.493,18.103448275862068
Tobias Harris,PHI,62.0,2014.0,0.597,32.483870967741936
Tomáš Satoranský,CHI,58.0,1307.0,0.614,22.53448275862069
Tony Bradley,2TM,42.0,684.0,0.678,16.285714285714285
Tony Snell,ATL,47.0,992.0,0.708,21.106382978723403
Torrey Craig,2TM,50.0,803.0,0.579,16.06
Trae Young,ATL,63.0,2125.0,0.589,33.73015873015873
Tre Jones,SAS,37.0,269.0,0.544,7.27027027027027
Tremont Waters,BOS,26.0,238.0,0.541,9.153846153846153
Trent Forrest,UTA,30.0,302.0,0.554,10.066666666666666
Trevor Ariza,MIA,30.0,841.0,0.542,28.033333333333335
Trey Burke,DAL,62.0,911.0,0.544,14.693548387096774
Trey Lyles,SAS,23.0,358.0,0.574,15.565217391304348
Tristan Thompson,BOS,54.0,1287.0,0.54,23.833333333333332
Troy Brown Jr.,2TM,34.0,524.0,0.525,15.411764705882353
Ty Jerome,OKC,33.0,788.0,0.585,23.87878787878788
Ty-Shon Alexander,PHO,15.0,47.0,0.349,3.1333333333333333
Tyler Bey,DAL,18.0,71.0,0.372,3.9444444444444446
Tyler Cook,2TM,32.0,438.0,0.659,13.6875
Tyler Herro,MIA,54.0,1635.0,0.543,30.27777777777778
Tyler Johnson,BRK,39.0,684.0,0.546,17.53846153846154
Tyrell Terry,DAL,11.0,56.0,0.318,5.090909090909091
Tyrese Haliburton,SAC,58.0,1746.0,0.585,30.103448275862068
Tyrese Maxey,PHI,61.0,935.0,0.531,15.327868852459016
Tyus Jones,MEM,70.0,1222.0,0.511,17.457142857142856
Udoka Azubuike,UTA,15.0,57.0,0.597,3.8
Udonis Haslem,MIA,1.0,3.0,1.0,3.0
Vernon Carey Jr.,CHO,19.0,115.0,0.563,6.052631578947368
Victor Oladipo,3TM,33.0,1080.0,0.512,32.72727272727273
Vincent Poirier,PHI,10.0,39.0,0.273,3.9
Vlatko Čančar,DEN,41.0,281.0,0.547,6.853658536585366
Wayne Ellington,DET,46.0,1012.0,0.625,22.0
Wendell Carter Jr.,2TM,54.0,1375.0,0.566,25.462962962962962
Wenyen Gabriel,NOP,21.0,241.0,0.533,11.476190476190476
Wes Iwundu,2TM,41.0,539.0,0.428,13.146341463414634
Wesley Matthews,LAL,58.0,1130.0,0.517,19.482758620689655
Will Barton,DEN,56.0,1736.0,0.538,31.0
Will Magnay,NOP,1.0,3.0,0.0,3.0
Willie Cauley-Stein,DAL,53.0,906.0,0.647,17.09433962264151
Willy Hernangómez,NOP,47.0,846.0,0.591,18.0
Xavier Tillman Sr.,MEM,59.0,1085.0,0.605,18.389830508474578
Yogi Ferrell,2TM,10.0,136.0,0.459,13.6
Yuta Watanabe,TOR,50.0,723.0,0.565,14.46
Zach LaVine,CHI,58.0,2034.0,0.634,35.06896551724138
Zeke Nnaji,DEN,42.0,397.0,0.615,9.452380952380953
Zion Williamson,NOP,61.0,2026.0,0.649,33.21311475409836
